,Date,High,Low,Open,Close,Volume,Adj Close
0,10/08/2017,15000.0,15000.0,-,15000,-,14400
1,11/08/2017,15000.0,15000.0,-,15000,-,14400
2,14/08/2017,15000.0,15000.0,-,15000,-,14400
3,15/08/2017,15000.0,15000.0,-,15000,-,14400
4,16/08/2017,15000.0,15000.0,-,15000,-,14400
5,17/08/2017,12000.0,12000.0,12000.0,12000,1000,11600
6,18/08/2017,12000.0,12000.0,-,12000,-,11600
7,21/08/2017,12000.0,12000.0,-,12000,-,11600
8,22/08/2017,12000.0,12000.0,-,12000,-,11600
9,23/08/2017,12000.0,12000.0,-,12000,-,11600
10,24/08/2017,12000.0,12000.0,-,12000,-,11600
11,25/08/2017,12000.0,12000.0,-,12000,-,11600
12,28/08/2017,12000.0,12000.0,-,12000,-,11600
13,29/08/2017,12000.0,12000.0,-,12000,-,11600
14,30/08/2017,12000.0,12000.0,-,12000,-,11600
15,31/08/2017,12000.0,12000.0,-,12000,-,11600
16,01/09/2017,12000.0,12000.0,-,12000,-,11600
17,05/09/2017,12000.0,12000.0,-,12000,-,11600
18,06/09/2017,12000.0,12000.0,-,12000,-,11600
19,07/09/2017,12000.0,12000.0,-,12000,-,11600
20,08/09/2017,12000.0,12000.0,-,12000,-,11600
21,11/09/2017,12000.0,12000.0,-,12000,-,11600
22,12/09/2017,12000.0,12000.0,-,12000,-,11600
23,13/09/2017,12000.0,12000.0,-,12000,-,11600
24,14/09/2017,10200.0,10200.0,10200.0,10200,500,9800
25,15/09/2017,8700.0,8700.0,8700.0,8700,300,8400
26,18/09/2017,7400.0,7400.0,7400.0,7400,200,7100
27,19/09/2017,6400.0,6300.0,6400.0,6300,8600,6100
28,20/09/2017,6300.0,6300.0,-,6300,-,6100
29,21/09/2017,6500.0,6500.0,6500.0,6500,184,6300
30,22/09/2017,6500.0,6500.0,-,6500,-,6300
31,25/09/2017,6500.0,6500.0,-,6500,-,6300
32,26/09/2017,6500.0,6500.0,-,6500,-,6300
33,27/09/2017,6500.0,6500.0,-,6500,-,6300
34,28/09/2017,6500.0,6500.0,-,6500,-,6300
35,29/09/2017,6800.0,6800.0,6800.0,6800,500,6500
36,02/10/2017,6500.0,6500.0,6500.0,6500,1500,6300
37,03/10/2017,6500.0,6500.0,-,6500,-,6300
38,04/10/2017,6500.0,6500.0,-,6500,-,6300
39,05/10/2017,6500.0,6500.0,-,6500,-,6300
40,06/10/2017,6500.0,6500.0,-,6500,-,6300
41,09/10/2017,6500.0,6500.0,-,6500,-,6300
42,10/10/2017,6500.0,6500.0,-,6500,-,6300
43,11/10/2017,6500.0,6500.0,-,6500,-,6300
44,12/10/2017,6500.0,6500.0,-,6500,-,6300
45,13/10/2017,6500.0,6500.0,-,6500,-,6300
46,16/10/2017,6500.0,6500.0,6500.0,6500,-,6300
47,17/10/2017,6500.0,6500.0,-,6500,-,6300
48,18/10/2017,6500.0,6500.0,-,6500,-,6300
49,19/10/2017,6500.0,6500.0,-,6500,-,6300
50,20/10/2017,6500.0,6500.0,-,6500,-,6300
51,23/10/2017,6500.0,6500.0,-,6500,-,6300
52,24/10/2017,6500.0,6500.0,-,6500,-,6300
53,25/10/2017,5600.0,5600.0,5600.0,5600,2000,5400
54,26/10/2017,4800.0,4800.0,4800.0,4800,4700,4600
55,27/10/2017,4800.0,4800.0,-,4800,-,4600
56,30/10/2017,4800.0,4800.0,-,4800,-,4600
57,31/10/2017,4800.0,4800.0,-,4800,-,4600
58,01/11/2017,4800.0,4800.0,-,4800,-,4600
59,02/11/2017,4800.0,4800.0,-,4800,-,4600
60,03/11/2017,4800.0,4800.0,-,4800,-,4600
61,06/11/2017,4800.0,4800.0,-,4800,-,4600
62,07/11/2017,4800.0,4800.0,-,4800,-,4600
63,08/11/2017,4800.0,4800.0,-,4800,-,4600
64,09/11/2017,4800.0,4800.0,-,4800,-,4600
65,10/11/2017,4800.0,4800.0,-,4800,-,4600
66,13/11/2017,4800.0,4800.0,-,4800,-,4600
67,14/11/2017,4800.0,4800.0,-,4800,-,4600
68,15/11/2017,4800.0,4800.0,4800.0,4800,100,4600
69,16/11/2017,4100.0,4100.0,4100.0,4100,900,3900
70,17/11/2017,4100.0,4100.0,4100.0,4100,2000,3900
71,20/11/2017,4100.0,4100.0,-,4100,-,3900
72,21/11/2017,4100.0,4100.0,-,4100,-,3900
73,22/11/2017,4100.0,4100.0,-,4100,-,3900
74,23/11/2017,4100.0,4100.0,-,4100,-,3900
75,24/11/2017,4100.0,4100.0,-,4100,-,3900
76,27/11/2017,4100.0,4100.0,-,4100,-,3900
77,28/11/2017,4100.0,4100.0,-,4100,-,3900
78,29/11/2017,4100.0,4100.0,-,4100,-,3900
79,30/11/2017,4100.0,4100.0,-,4100,-,3900
80,01/12/2017,4500.0,4500.0,4500.0,4500,100,4300
81,04/12/2017,4500.0,4500.0,-,4500,-,4300
82,05/12/2017,4500.0,4500.0,4500.0,4500,200,4300
83,06/12/2017,4500.0,4500.0,-,4500,-,4300
84,07/12/2017,4500.0,4500.0,-,4500,-,4300
85,08/12/2017,4500.0,4500.0,-,4500,-,4300
86,11/12/2017,4500.0,4500.0,-,4500,-,4300
87,12/12/2017,4500.0,4500.0,-,4500,-,4300
88,13/12/2017,4500.0,4500.0,-,4500,-,4300
89,14/12/2017,4500.0,4500.0,-,4500,-,4300
90,15/12/2017,4500.0,4500.0,-,4500,-,4300
91,18/12/2017,4500.0,4500.0,-,4500,-,4300
92,19/12/2017,4500.0,4500.0,-,4500,-,4300
93,20/12/2017,4500.0,4500.0,-,4500,-,4300
94,21/12/2017,4500.0,4500.0,-,4500,-,4300
95,22/12/2017,4500.0,4500.0,-,4500,-,4300
96,25/12/2017,4500.0,4500.0,-,4500,-,4300
97,26/12/2017,4500.0,4500.0,4500.0,4500,-,4300
98,27/12/2017,5100.0,5100.0,5100.0,5100,100,4900
99,28/12/2017,5100.0,5100.0,-,5100,-,4900
100,29/12/2017,5100.0,5100.0,-,5100,-,4900
101,02/01/2018,5100.0,5100.0,-,5100,-,4900
102,03/01/2018,5100.0,5100.0,-,5100,-,4900
103,04/01/2018,5100.0,5100.0,-,5100,-,4900
104,05/01/2018,5100.0,5100.0,-,5100,-,4900
105,08/01/2018,5100.0,5100.0,-,5100,-,4900
106,09/01/2018,5100.0,5100.0,-,5100,-,4900
107,10/01/2018,5100.0,5100.0,-,5100,-,4900
108,11/01/2018,5100.0,5100.0,-,5100,-,4900
109,12/01/2018,5100.0,5100.0,-,5100,-,4900
110,15/01/2018,5100.0,5100.0,-,5100,-,4900
111,16/01/2018,5100.0,5100.0,-,5100,-,4900
112,17/01/2018,5100.0,5100.0,-,5100,-,4900
113,18/01/2018,5100.0,5100.0,-,5100,-,4900
114,19/01/2018,5100.0,5100.0,-,5100,-,4900
115,22/01/2018,5100.0,5100.0,-,5100,-,4900
116,23/01/2018,5100.0,5100.0,-,5100,-,4900
117,24/01/2018,5100.0,5100.0,-,5100,-,4900
118,25/01/2018,5100.0,5100.0,-,5100,-,4900
119,26/01/2018,5100.0,5100.0,5100.0,5100,-,4900
120,29/01/2018,5100.0,5100.0,-,5100,-,4900
121,30/01/2018,5100.0,5100.0,-,5100,-,4900
122,31/01/2018,5100.0,5100.0,-,5100,-,4900
123,01/02/2018,5100.0,5100.0,-,5100,-,4900
124,02/02/2018,5100.0,5100.0,-,5100,-,4900
125,05/02/2018,5100.0,5100.0,-,5100,-,4900
126,06/02/2018,5100.0,5100.0,-,5100,-,4900
127,07/02/2018,5100.0,5100.0,-,5100,-,4900
128,08/02/2018,5100.0,5100.0,5100.0,5100,-,4900
129,09/02/2018,5100.0,5100.0,-,5100,-,-
130,12/02/2018,5100.0,5100.0,-,5100,-,4900
131,13/02/2018,5100.0,5100.0,-,5100,-,-
132,21/02/2018,5100.0,5100.0,-,5100,-,-
133,22/02/2018,5100.0,5100.0,5100.0,5100,-,4900
134,23/02/2018,5100.0,5100.0,-,5100,-,4900
135,26/02/2018,5100.0,5100.0,-,5100,-,4900
136,27/02/2018,5100.0,5100.0,-,5100,-,4900
137,28/02/2018,5100.0,5100.0,-,5100,-,-
138,01/03/2018,5100.0,5100.0,-,5100,-,4900
139,02/03/2018,5100.0,5100.0,5100.0,5100,-,4900
140,05/03/2018,5100.0,5100.0,-,5100,-,4900
141,06/03/2018,5100.0,5100.0,-,5100,-,4900
142,07/03/2018,5100.0,5100.0,-,5100,-,4900
143,08/03/2018,5100.0,5100.0,-,5100,-,4900
144,09/03/2018,5100.0,5100.0,-,5100,-,4900
145,12/03/2018,5100.0,5100.0,-,5100,-,4900
146,13/03/2018,5100.0,5100.0,-,5100,-,4900
147,14/03/2018,5100.0,5100.0,-,5100,-,4900
148,15/03/2018,5100.0,5100.0,-,5100,-,4900
149,16/03/2018,5100.0,5100.0,-,5100,-,4900
150,19/03/2018,5100.0,5100.0,-,5100,-,4900
151,20/03/2018,5100.0,5100.0,-,5100,-,4900
152,21/03/2018,5100.0,5100.0,-,5100,-,4900
153,22/03/2018,5100.0,5100.0,-,5100,-,4900
154,23/03/2018,5100.0,5100.0,-,5100,-,4900
155,26/03/2018,5100.0,5100.0,-,5100,-,4900
156,27/03/2018,5100.0,5100.0,-,5100,-,4900
157,28/03/2018,5100.0,5100.0,-,5100,-,4900
158,29/03/2018,5100.0,5100.0,5100.0,5100,-,4900
159,30/03/2018,5100.0,5100.0,-,5100,-,4900
160,02/04/2018,5100.0,5100.0,-,5100,-,4900
161,03/04/2018,5100.0,5100.0,-,5100,-,4900
162,04/04/2018,5100.0,5100.0,-,5100,-,4900
163,05/04/2018,5100.0,5100.0,-,5100,-,4900
164,06/04/2018,5100.0,5100.0,-,5100,-,4900
165,09/04/2018,5100.0,5100.0,-,5100,-,4900
166,10/04/2018,5100.0,5100.0,-,5100,-,4900
167,11/04/2018,5100.0,5100.0,-,5100,-,4900
168,12/04/2018,5100.0,5100.0,-,5100,-,4900
169,13/04/2018,5100.0,5100.0,-,5100,-,4900
170,16/04/2018,5100.0,5100.0,-,5100,-,4900
171,17/04/2018,5100.0,5100.0,5100.0,5100,-,4900
172,18/04/2018,5100.0,5100.0,-,5100,-,4900
173,19/04/2018,5100.0,5100.0,-,5100,-,4900
174,20/04/2018,5100.0,5100.0,-,5100,-,4900
175,23/04/2018,5100.0,5100.0,-,5100,-,4900
176,24/04/2018,5100.0,5100.0,-,5100,-,4900
177,26/04/2018,5100.0,5100.0,-,5100,-,4900
178,27/04/2018,5100.0,5100.0,-,5100,-,4900
179,02/05/2018,5100.0,5100.0,-,5100,-,4900
180,03/05/2018,5100.0,5100.0,-,5100,-,4900
181,04/05/2018,5100.0,5100.0,-,5100,-,4900
182,07/05/2018,5100.0,5100.0,-,5100,-,4900
183,08/05/2018,5100.0,5100.0,-,5100,-,4900
184,09/05/2018,5100.0,5100.0,-,5100,-,4900
185,10/05/2018,5100.0,5100.0,-,5100,-,4900
186,11/05/2018,5100.0,5100.0,-,5100,-,4900
187,14/05/2018,5100.0,5100.0,-,5100,-,4900
188,15/05/2018,5000.0,5000.0,5000.0,5000,4000,4800
189,16/05/2018,5000.0,5000.0,-,5000,-,4800
190,17/05/2018,4300.0,4300.0,4300.0,4300,2900,4100
191,18/05/2018,4300.0,4300.0,-,4300,-,4100
192,21/05/2018,4400.0,4400.0,4400.0,4400,2100,4200
193,22/05/2018,4400.0,4400.0,-,4400,-,4200
194,23/05/2018,4400.0,4400.0,-,4400,-,4200
195,24/05/2018,4400.0,4400.0,-,4400,-,4200
196,25/05/2018,4400.0,4400.0,-,4400,-,4200
197,28/05/2018,4400.0,4400.0,-,4400,-,4200
198,29/05/2018,4400.0,4400.0,-,4400,-,4200
199,30/05/2018,4400.0,4400.0,-,4400,-,4200
200,31/05/2018,4400.0,4400.0,-,4400,-,4200
201,01/06/2018,4400.0,4400.0,-,4400,-,4200
202,04/06/2018,4400.0,4400.0,-,4400,-,4200
203,05/06/2018,4000.0,4000.0,4000.0,4000,13500,3900
204,06/06/2018,4000.0,4000.0,-,4000,25,3900
205,07/06/2018,4000.0,4000.0,4000.0,4000,-,3900
206,08/06/2018,4000.0,4000.0,-,4000,-,3900
207,11/06/2018,4000.0,4000.0,-,4000,-,3900
208,12/06/2018,4000.0,4000.0,4000.0,4000,-,3900
209,13/06/2018,4000.0,4000.0,-,4000,-,3900
210,14/06/2018,4000.0,4000.0,-,4000,-,3900
211,15/06/2018,4000.0,4000.0,4000.0,4000,-,3900
212,18/06/2018,4000.0,4000.0,4000.0,4000,-,3900
213,19/06/2018,4000.0,4000.0,-,4000,-,3900
214,20/06/2018,4000.0,4000.0,-,4000,-,3900
215,21/06/2018,4000.0,4000.0,-,4000,-,3900
216,22/06/2018,4000.0,4000.0,-,4000,-,3900
217,25/06/2018,4000.0,4000.0,4000.0,4000,-,3900
218,26/06/2018,4000.0,4000.0,-,4000,-,3900
219,27/06/2018,4000.0,4000.0,-,4000,-,3900
220,28/06/2018,4000.0,4000.0,4000.0,4000,-,3900
221,29/06/2018,4000.0,4000.0,-,4000,-,3900
222,02/07/2018,4000.0,4000.0,-,4000,-,3900
223,03/07/2018,4000.0,4000.0,4000.0,4000,-,3900
224,04/07/2018,4000.0,4000.0,-,4000,-,3900
225,05/07/2018,4000.0,4000.0,-,4000,-,3900
226,06/07/2018,4000.0,4000.0,-,4000,-,3900
227,09/07/2018,4000.0,4000.0,-,4000,-,3900
228,10/07/2018,4000.0,4000.0,-,4000,-,3900
229,11/07/2018,4000.0,4000.0,-,4000,-,3900
230,12/07/2018,4000.0,4000.0,4000.0,4000,-,3900
231,13/07/2018,4000.0,4000.0,-,4000,-,3900
232,16/07/2018,4000.0,4000.0,-,4000,-,3900
233,17/07/2018,4000.0,4000.0,-,4000,-,3900
234,18/07/2018,4000.0,4000.0,-,4000,-,3900
235,19/07/2018,4000.0,4000.0,4000.0,4000,-,3900
236,20/07/2018,4000.0,4000.0,-,4000,-,3900
237,23/07/2018,4000.0,4000.0,-,4000,-,3900
238,24/07/2018,4000.0,4000.0,-,4000,-,3900
239,25/07/2018,4000.0,4000.0,-,4000,-,3900
240,26/07/2018,4000.0,4000.0,4000.0,4000,-,3900
241,27/07/2018,4000.0,4000.0,4000.0,4000,-,3900
242,30/07/2018,4000.0,4000.0,-,4000,-,3900
243,31/07/2018,4000.0,4000.0,-,4000,-,3900
244,01/08/2018,4000.0,4000.0,-,4000,-,3900
245,02/08/2018,4000.0,4000.0,-,4000,-,3900
246,03/08/2018,4000.0,4000.0,-,4000,-,3900
247,06/08/2018,4000.0,4000.0,4000.0,4000,-,3900
248,07/08/2018,4000.0,4000.0,-,4000,-,3900
249,08/08/2018,4000.0,4000.0,-,4000,-,3900
250,09/08/2018,4000.0,4000.0,-,4000,-,3900
251,10/08/2018,2500.0,2500.0,2500.0,2500,2200,2400
252,13/08/2018,2500.0,2500.0,-,2500,-,2400
253,14/08/2018,2500.0,2500.0,-,2500,-,2400
254,15/08/2018,2500.0,2500.0,-,2500,-,2400
255,16/08/2018,2500.0,2500.0,2500.0,2500,-,2400
256,17/08/2018,2500.0,2500.0,-,2500,-,2400
257,20/08/2018,2500.0,2500.0,-,2500,-,2400
258,21/08/2018,2500.0,2500.0,2500.0,2500,-,2400
259,22/08/2018,2500.0,2500.0,-,2500,-,2400
260,23/08/2018,2500.0,2500.0,-,2500,50,2400
261,24/08/2018,2500.0,2500.0,-,2500,-,2400
262,27/08/2018,2500.0,2500.0,-,2500,-,2400
263,28/08/2018,2500.0,2500.0,-,2500,-,2400
264,29/08/2018,2200.0,2200.0,2200.0,2200,100,2100
265,30/08/2018,2200.0,2200.0,-,2200,-,2100
266,31/08/2018,2200.0,2200.0,-,2200,-,2100
267,04/09/2018,1900.0,1900.0,1900.0,1900,100,2100
268,05/09/2018,1900.0,1900.0,-,1900,-,1800
269,06/09/2018,1900.0,1900.0,-,1900,-,1800
270,07/09/2018,1900.0,1900.0,-,1900,-,1800
271,10/09/2018,1900.0,1900.0,-,1900,-,1800
272,11/09/2018,1900.0,1900.0,-,1900,-,1800
273,12/09/2018,1900.0,1900.0,-,1900,-,1800
274,13/09/2018,1900.0,1900.0,-,1900,-,1800
275,14/09/2018,1900.0,1900.0,-,1900,-,1800
276,17/09/2018,1900.0,1900.0,-,1900,10,1800
277,18/09/2018,1900.0,1900.0,-,1900,-,1800
278,19/09/2018,1900.0,1900.0,-,1900,10,1800
279,20/09/2018,1900.0,1900.0,-,1900,-,1800
280,21/09/2018,1900.0,1900.0,-,1900,-,1800
281,24/09/2018,1900.0,1900.0,-,1900,-,1800
282,25/09/2018,2100.0,2100.0,2100.0,2100,5000,2000
283,26/09/2018,2100.0,2100.0,-,2100,-,2000
284,27/09/2018,2100.0,2100.0,-,2100,-,2000
285,28/09/2018,2100.0,2100.0,-,2100,-,2000
286,01/10/2018,2100.0,2100.0,-,2100,-,2000
287,02/10/2018,2100.0,2100.0,-,2100,-,2000
288,03/10/2018,2100.0,2100.0,-,2100,-,2000
289,04/10/2018,2100.0,2100.0,-,2100,-,2000
290,05/10/2018,2100.0,2100.0,-,2100,-,2000
291,08/10/2018,2100.0,2100.0,-,2100,-,2000
292,09/10/2018,2100.0,2100.0,-,2100,-,2000
293,10/10/2018,2100.0,2100.0,-,2100,-,2000
294,11/10/2018,2100.0,2100.0,-,2100,-,2000
295,12/10/2018,2100.0,2100.0,-,2100,-,2000
296,15/10/2018,2100.0,2100.0,-,2100,-,2000
297,16/10/2018,2100.0,2100.0,-,2100,-,2000
298,17/10/2018,2100.0,2100.0,-,2100,-,2000
299,18/10/2018,2100.0,2100.0,-,2100,-,2000
300,19/10/2018,2100.0,2100.0,-,2100,-,2000
301,22/10/2018,2100.0,2100.0,-,2100,-,2000
302,23/10/2018,2100.0,2100.0,-,2100,-,2000
303,24/10/2018,2100.0,2100.0,2100.0,2100,-,2000
304,25/10/2018,2100.0,2100.0,2100.0,2100,-,2000
305,26/10/2018,2100.0,2100.0,2100.0,2100,-,2000
306,29/10/2018,2100.0,2100.0,2100.0,2100,-,2000
307,30/10/2018,2100.0,2100.0,2100.0,2100,-,2000
308,31/10/2018,2100.0,2100.0,2100.0,2100,-,2000
309,01/11/2018,2900.0,2900.0,2900.0,2900,100,2800
310,02/11/2018,3300.0,3300.0,3300.0,3300,100,3200
311,05/11/2018,3700.0,3700.0,3700.0,3700,100,3600
312,06/11/2018,4200.0,4200.0,4200.0,4200,254,4000
313,07/11/2018,4800.0,4800.0,4800.0,4800,7500,4600
314,08/11/2018,4900.0,4900.0,4900.0,4900,7900,4700
315,09/11/2018,4900.0,4900.0,4900.0,4900,4000,4700
316,12/11/2018,4900.0,4900.0,4900.0,4900,4400,4700
317,13/11/2018,4900.0,4900.0,4900.0,4900,130,4700
318,14/11/2018,4900.0,4900.0,4900.0,4900,-,4700
319,15/11/2018,4900.0,4900.0,4900.0,4900,-,4700
320,16/11/2018,4900.0,4900.0,4900.0,4900,-,4700
321,19/11/2018,4900.0,4900.0,4900.0,4900,-,4700
322,20/11/2018,4900.0,4900.0,4900.0,4900,-,4700
323,21/11/2018,4900.0,4900.0,4900.0,4900,-,4700
324,22/11/2018,4900.0,4900.0,4900.0,4900,-,4700
325,23/11/2018,4900.0,4900.0,4900.0,4900,-,4700
326,26/11/2018,4900.0,4900.0,4900.0,4900,-,4700
327,27/11/2018,4900.0,4900.0,4900.0,4900,-,4700
328,28/11/2018,4900.0,4900.0,4900.0,4900,-,4700
329,29/11/2018,4900.0,4900.0,4900.0,4900,-,4700
330,30/11/2018,4900.0,4900.0,4900.0,4900,-,4700
331,03/12/2018,4900.0,4900.0,4900.0,4900,-,4700
332,04/12/2018,4900.0,4900.0,4900.0,4900,-,4700
333,05/12/2018,4900.0,4900.0,4900.0,4900,-,4700
334,06/12/2018,4900.0,4900.0,4900.0,4900,-,4700
335,07/12/2018,4900.0,4900.0,4900.0,4900,-,4700
336,10/12/2018,4900.0,4900.0,4900.0,4900,-,4700
337,11/12/2018,4900.0,4900.0,4900.0,4900,-,4700
338,12/12/2018,4900.0,4900.0,4900.0,4900,-,4700
339,13/12/2018,4900.0,4900.0,4900.0,4900,-,4700
340,14/12/2018,4900.0,4900.0,4900.0,4900,-,4700
341,17/12/2018,4900.0,4900.0,4900.0,4900,-,4700
342,18/12/2018,4900.0,4900.0,4900.0,4900,-,4700
343,19/12/2018,4900.0,4900.0,4900.0,4900,-,4700
344,20/12/2018,4900.0,4900.0,4900.0,4900,-,4700
345,21/12/2018,4900.0,4900.0,4900.0,4900,-,4700
346,24/12/2018,4900.0,4900.0,4900.0,4900,-,4700
347,25/12/2018,4900.0,4900.0,4900.0,4900,-,4700
348,26/12/2018,4900.0,4900.0,4900.0,4900,-,4700
349,27/12/2018,4900.0,4900.0,4900.0,4900,-,4700
350,28/12/2018,4900.0,4900.0,4900.0,4900,-,4700
351,02/01/2019,4900.0,4900.0,4900.0,4900,-,4700
352,03/01/2019,4900.0,4900.0,4900.0,4900,-,4700
353,04/01/2019,4900.0,4900.0,4900.0,4900,-,4700
354,07/01/2019,4900.0,4900.0,4900.0,4900,-,4700
355,08/01/2019,4900.0,4900.0,4900.0,4900,-,4700
356,09/01/2019,4900.0,4900.0,4900.0,4900,-,4700
357,10/01/2019,4900.0,4900.0,4900.0,4900,-,4700
358,11/01/2019,4900.0,4900.0,4900.0,4900,-,4700
359,14/01/2019,4900.0,4900.0,4900.0,4900,-,4700
360,15/01/2019,4900.0,4900.0,4900.0,4900,-,4700
361,16/01/2019,4900.0,4900.0,4900.0,4900,-,4700
362,17/01/2019,4900.0,4900.0,4900.0,4900,-,4700
363,18/01/2019,4900.0,4900.0,4900.0,4900,-,4700
364,21/01/2019,4900.0,4900.0,4900.0,4900,-,4700
365,22/01/2019,4900.0,4900.0,4900.0,4900,-,4700
366,23/01/2019,4900.0,4900.0,4900.0,4900,-,4700
367,24/01/2019,4900.0,4900.0,4900.0,4900,-,4700
368,25/01/2019,4900.0,4900.0,4900.0,4900,-,4700
369,28/01/2019,4900.0,4900.0,4900.0,4900,-,4700
370,29/01/2019,4900.0,4900.0,4900.0,4900,-,4700
371,30/01/2019,4900.0,4900.0,4900.0,4900,-,4700
372,31/01/2019,4900.0,4900.0,4900.0,4900,-,4700
373,01/02/2019,4900.0,4900.0,4900.0,4900,-,4700
374,11/02/2019,4900.0,4900.0,4900.0,4900,-,4700
375,12/02/2019,4900.0,4900.0,4900.0,4900,-,4700
376,13/02/2019,4900.0,4900.0,4900.0,4900,-,4700
377,14/02/2019,4900.0,4900.0,4900.0,4900,-,4700
378,15/02/2019,4900.0,4900.0,4900.0,4900,-,4700
379,18/02/2019,4900.0,4900.0,4900.0,4900,-,4700
380,19/02/2019,4900.0,4900.0,4900.0,4900,-,4700
381,20/02/2019,4900.0,4900.0,4900.0,4900,-,4700
382,21/02/2019,4900.0,4900.0,4900.0,4900,-,4700
383,22/02/2019,4900.0,4900.0,4900.0,4900,-,4700
384,25/02/2019,4900.0,4900.0,4900.0,4900,-,4700
385,26/02/2019,4900.0,4900.0,4900.0,4900,-,4700
386,27/02/2019,4900.0,4900.0,4900.0,4900,-,4700
387,28/02/2019,4900.0,4900.0,4900.0,4900,-,4700
388,01/03/2019,4900.0,4900.0,4900.0,4900,-,4700
389,04/03/2019,4900.0,4900.0,4900.0,4900,-,4700
390,05/03/2019,4900.0,4900.0,4900.0,4900,-,4700
391,06/03/2019,4900.0,4900.0,4900.0,4900,-,4700
392,07/03/2019,4900.0,4900.0,4900.0,4900,-,4700
393,08/03/2019,4900.0,4900.0,4900.0,4900,-,4700
394,11/03/2019,4900.0,4900.0,4900.0,4900,-,4700
395,12/03/2019,4900.0,4900.0,4900.0,4900,-,4700
396,13/03/2019,4900.0,4900.0,4900.0,4900,-,4700
397,14/03/2019,4900.0,4900.0,4900.0,4900,-,4700
398,15/03/2019,4900.0,4900.0,4900.0,4900,-,4700
399,18/03/2019,4900.0,4900.0,4900.0,4900,-,4700
400,19/03/2019,4900.0,4900.0,4900.0,4900,-,4700
401,20/03/2019,4900.0,4900.0,4900.0,4900,-,4700
402,21/03/2019,4900.0,4900.0,4900.0,4900,-,4700
403,22/03/2019,4900.0,4900.0,4900.0,4900,-,4700
404,25/03/2019,4900.0,4900.0,4900.0,4900,-,4700
405,26/03/2019,4900.0,4900.0,4900.0,4900,-,4700
406,27/03/2019,4900.0,4900.0,4900.0,4900,-,4700
407,28/03/2019,4900.0,4900.0,4900.0,4900,-,4700
408,29/03/2019,4900.0,4900.0,4900.0,4900,-,4700
409,01/04/2019,4900.0,4900.0,4900.0,4900,-,4700
410,02/04/2019,4900.0,4900.0,4900.0,4900,-,4700
411,03/04/2019,4900.0,4900.0,4900.0,4900,-,4700
412,04/04/2019,4900.0,4900.0,4900.0,4900,-,4700
413,05/04/2019,4900.0,4900.0,4900.0,4900,-,4700
414,08/04/2019,4900.0,4900.0,4900.0,4900,-,4700
415,09/04/2019,6800.0,6800.0,6800.0,6800,3000,6500
416,10/04/2019,6800.0,6800.0,6800.0,6800,-,6500
417,11/04/2019,6800.0,6800.0,6800.0,6800,-,6500
418,12/04/2019,6800.0,6800.0,6800.0,6800,-,6500
419,16/04/2019,6800.0,6800.0,6800.0,6800,-,6500
420,17/04/2019,6800.0,6800.0,6800.0,6800,-,6500
421,18/04/2019,6800.0,6800.0,6800.0,6800,-,6500
422,19/04/2019,6800.0,6800.0,6800.0,6800,-,6500
423,22/04/2019,6800.0,6800.0,6800.0,6800,-,6500
424,23/04/2019,6800.0,6800.0,6800.0,6800,-,6500
425,24/04/2019,6800.0,6800.0,6800.0,6800,-,6500
426,25/04/2019,6800.0,6800.0,6800.0,6800,-,6500
427,26/04/2019,6800.0,6800.0,6800.0,6800,-,6500
428,02/05/2019,6800.0,6800.0,6800.0,6800,-,6500
429,03/05/2019,6800.0,6800.0,6800.0,6800,-,6500
430,06/05/2019,6800.0,6800.0,6800.0,6800,-,6500
431,07/05/2019,6800.0,6800.0,6800.0,6800,-,6500
432,08/05/2019,6800.0,6800.0,6800.0,6800,-,6500
433,09/05/2019,6800.0,6800.0,6800.0,6800,-,6500
434,10/05/2019,6800.0,6800.0,6800.0,6800,-,6500
435,13/05/2019,6800.0,6800.0,6800.0,6800,-,6500
436,14/05/2019,6800.0,6800.0,6800.0,6800,-,6500
437,15/05/2019,6800.0,6800.0,6800.0,6800,-,6500
438,16/05/2019,6800.0,6800.0,6800.0,6800,-,6500
439,17/05/2019,6800.0,6800.0,6800.0,6800,-,6500
440,20/05/2019,6800.0,6800.0,6800.0,6800,-,6500
441,21/05/2019,6800.0,6800.0,6800.0,6800,-,6500
442,22/05/2019,6800.0,6800.0,6800.0,6800,-,6500
443,23/05/2019,6800.0,6800.0,6800.0,6800,-,6500
444,24/05/2019,6800.0,6800.0,6800.0,6800,-,6500
445,27/05/2019,6800.0,6800.0,6800.0,6800,-,6500
446,28/05/2019,6800.0,6800.0,6800.0,6800,-,6500
447,29/05/2019,7000.0,7000.0,7000.0,7000,1500,6700
448,30/05/2019,7000.0,7000.0,7000.0,7000,1500,6700
449,31/05/2019,7000.0,7000.0,7000.0,7000,-,6700
450,03/06/2019,7000.0,7000.0,7000.0,7000,-,6700
451,04/06/2019,7000.0,7000.0,7000.0,7000,-,6700
452,05/06/2019,7000.0,7000.0,7000.0,7000,-,6700
453,06/06/2019,7000.0,7000.0,7000.0,7000,-,6700
454,07/06/2019,7000.0,7000.0,7000.0,7000,-,6700
455,10/06/2019,7000.0,7000.0,7000.0,7000,4000,6700
456,11/06/2019,7000.0,7000.0,7000.0,7000,-,6700
457,12/06/2019,7000.0,7000.0,7000.0,7000,-,6700
458,13/06/2019,7000.0,7000.0,7000.0,7000,-,6700
459,14/06/2019,6900.0,6900.0,6900.0,6900,-,6800
460,17/06/2019,6900.0,6900.0,6900.0,6900,-,6800
461,18/06/2019,6900.0,6900.0,6900.0,6900,-,6800
462,19/06/2019,6900.0,6900.0,6900.0,6900,-,6800
463,20/06/2019,7000.0,7000.0,7000.0,7000,2500,6800
464,21/06/2019,7000.0,7000.0,7000.0,7000,-,6800
465,24/06/2019,7000.0,7000.0,7000.0,7000,-,6800
466,25/06/2019,7000.0,7000.0,7000.0,7000,-,6800
467,26/06/2019,7000.0,7000.0,7000.0,7000,-,6800
468,27/06/2019,7000.0,7000.0,7000.0,7000,-,6800
469,28/06/2019,7000.0,7000.0,7000.0,7000,-,6800
470,01/07/2019,7000.0,7000.0,7000.0,7000,-,6800
471,02/07/2019,7000.0,7000.0,7000.0,7000,-,6800
472,03/07/2019,7000.0,7000.0,7000.0,7000,-,6800
473,04/07/2019,7000.0,7000.0,7000.0,7000,-,6800
474,05/07/2019,7000.0,7000.0,7000.0,7000,-,6800
475,08/07/2019,7000.0,7000.0,7000.0,7000,-,6800
476,09/07/2019,7000.0,7000.0,7000.0,7000,-,6800
477,10/07/2019,7000.0,7000.0,7000.0,7000,-,6800
478,11/07/2019,7000.0,7000.0,7000.0,7000,-,6800
479,12/07/2019,7000.0,7000.0,7000.0,7000,-,6800
480,15/07/2019,7000.0,7000.0,7000.0,7000,-,6800
481,16/07/2019,7000.0,7000.0,7000.0,7000,-,6800
482,17/07/2019,7000.0,7000.0,7000.0,7000,-,6800
483,18/07/2019,7000.0,7000.0,7000.0,7000,-,6800
484,19/07/2019,7000.0,7000.0,7000.0,7000,-,6800
485,22/07/2019,7000.0,7000.0,7000.0,7000,-,6800
486,23/07/2019,7000.0,7000.0,7000.0,7000,-,6800
487,24/07/2019,7000.0,7000.0,7000.0,7000,-,6800
488,25/07/2019,7000.0,7000.0,7000.0,7000,-,6800
489,26/07/2019,7000.0,7000.0,7000.0,7000,-,6800
490,29/07/2019,7000.0,7000.0,7000.0,7000,-,6800
491,30/07/2019,7000.0,7000.0,7000.0,7000,-,6800
492,31/07/2019,7000.0,7000.0,7000.0,7000,-,6800
493,01/08/2019,7000.0,7000.0,7000.0,7000,-,6800
494,02/08/2019,7000.0,7000.0,7000.0,7000,-,6800
495,05/08/2019,7000.0,7000.0,7000.0,7000,-,6800
496,06/08/2019,7000.0,7000.0,7000.0,7000,-,6800
497,07/08/2019,7000.0,7000.0,7000.0,7000,-,6800
498,08/08/2019,7000.0,7000.0,7000.0,7000,-,6800
499,09/08/2019,7000.0,7000.0,7000.0,7000,-,6800
500,12/08/2019,7000.0,7000.0,7000.0,7000,-,6800
501,13/08/2019,7000.0,7000.0,7000.0,7000,-,6800
502,14/08/2019,7000.0,7000.0,7000.0,7000,-,6800
503,15/08/2019,7000.0,7000.0,7000.0,7000,-,6800
504,16/08/2019,7000.0,7000.0,7000.0,7000,-,6800
505,19/08/2019,7000.0,7000.0,7000.0,7000,-,6800
506,20/08/2019,7000.0,7000.0,7000.0,7000,-,6800
507,21/08/2019,7000.0,7000.0,7000.0,7000,-,6800
508,22/08/2019,7000.0,7000.0,7000.0,7000,-,6800
509,23/08/2019,7000.0,7000.0,7000.0,7000,-,6800
510,26/08/2019,7000.0,7000.0,7000.0,7000,-,6800
511,27/08/2019,7000.0,7000.0,7000.0,7000,-,6800
512,28/08/2019,7000.0,7000.0,7000.0,7000,-,6800
513,29/08/2019,7000.0,7000.0,7000.0,7000,-,6800
514,30/08/2019,7000.0,7000.0,7000.0,7000,-,6800
515,03/09/2019,7000.0,7000.0,7000.0,7000,-,6800
516,04/09/2019,7000.0,7000.0,7000.0,7000,-,6800
517,05/09/2019,7000.0,7000.0,7000.0,7000,-,6800
518,06/09/2019,7000.0,7000.0,7000.0,7000,-,6800
519,09/09/2019,7000.0,7000.0,7000.0,7000,-,6800
520,10/09/2019,7000.0,7000.0,7000.0,7000,-,6800
521,11/09/2019,7000.0,7000.0,7000.0,7000,-,6800
522,12/09/2019,7000.0,7000.0,7000.0,7000,1000,6800
523,13/09/2019,7000.0,7000.0,7000.0,7000,-,6800
524,16/09/2019,7000.0,7000.0,7000.0,7000,-,6800
525,17/09/2019,7000.0,7000.0,7000.0,7000,-,6800
526,18/09/2019,7000.0,7000.0,7000.0,7000,-,6800
527,19/09/2019,7000.0,7000.0,7000.0,7000,-,6800
528,20/09/2019,7000.0,7000.0,7000.0,7000,-,6800
529,23/09/2019,7000.0,7000.0,7000.0,7000,-,6800
530,24/09/2019,7000.0,7000.0,7000.0,7000,-,6800
531,25/09/2019,7000.0,7000.0,7000.0,7000,-,6800
532,26/09/2019,7000.0,7000.0,7000.0,7000,-,6800
533,27/09/2019,7000.0,7000.0,7000.0,7000,-,6800
534,30/09/2019,7000.0,7000.0,7000.0,7000,-,6800
535,01/10/2019,7000.0,7000.0,7000.0,7000,-,6800
536,02/10/2019,7000.0,7000.0,7000.0,7000,-,6800
537,03/10/2019,7000.0,7000.0,7000.0,7000,-,6800
538,04/10/2019,7000.0,7000.0,7000.0,7000,-,6800
539,07/10/2019,7000.0,7000.0,7000.0,7000,-,6800
540,08/10/2019,7000.0,7000.0,7000.0,7000,-,6800
541,09/10/2019,7600.0,7100.0,7100.0,7600,10000,7400
542,10/10/2019,8500.0,7900.0,7900.0,8500,21200,8300
543,11/10/2019,9300.0,9000.0,9000.0,9300,22600,9100
544,14/10/2019,10500.0,10000.0,10000.0,10500,10100,10300
545,15/10/2019,11000.0,11000.0,11000.0,11000,300,10700
546,16/10/2019,12400.0,12400.0,12400.0,12400,100,12100
547,17/10/2019,12400.0,12400.0,12400.0,12400,-,12100
548,18/10/2019,10900.0,10900.0,10900.0,10900,10300,10600
549,21/10/2019,10900.0,10900.0,10900.0,10900,-,10600
550,22/10/2019,10600.0,10600.0,10600.0,10600,1200,10400
551,23/10/2019,10400.0,10400.0,10400.0,10400,2900,10200
552,24/10/2019,10400.0,10400.0,10400.0,10400,20000,10200
553,25/10/2019,10400.0,10400.0,10400.0,10400,-,10200
554,28/10/2019,10000.0,10000.0,10000.0,10000,200,9800
555,29/10/2019,10400.0,10400.0,10400.0,10400,4700,10200
556,30/10/2019,10400.0,10400.0,10400.0,10400,3000,10200
557,31/10/2019,10400.0,10400.0,10400.0,10400,1300,10200
558,01/11/2019,10400.0,10400.0,10400.0,10400,-,10200
559,04/11/2019,10400.0,10400.0,10400.0,10400,-,10200
560,05/11/2019,10400.0,10400.0,10400.0,10400,-,10200
561,06/11/2019,10400.0,10400.0,10400.0,10400,-,10200
562,07/11/2019,10400.0,10400.0,10400.0,10400,32300,10200
563,08/11/2019,10400.0,10400.0,10400.0,10400,21800,10200
564,11/11/2019,10400.0,10400.0,10400.0,10400,-,10200
565,12/11/2019,10400.0,10400.0,10400.0,10400,-,10200
566,13/11/2019,10400.0,10400.0,10400.0,10400,1600,10200
567,14/11/2019,10400.0,10400.0,10400.0,10400,-,10200
568,15/11/2019,10400.0,10400.0,10400.0,10400,-,10200
569,18/11/2019,10400.0,10400.0,10400.0,10400,-,10200
570,19/11/2019,10400.0,10400.0,10400.0,10400,-,10200
571,20/11/2019,10400.0,10400.0,10400.0,10400,-,10200
572,21/11/2019,11000.0,11000.0,11000.0,11000,1000,10700
573,22/11/2019,11000.0,11000.0,11000.0,11000,500,10700
574,25/11/2019,11000.0,11000.0,11000.0,11000,2500,10700
575,26/11/2019,11000.0,11000.0,11000.0,11000,-,10700
576,27/11/2019,11000.0,11000.0,11000.0,11000,500,10700
577,28/11/2019,11000.0,11000.0,11000.0,11000,-,10700
578,29/11/2019,11500.0,11000.0,11000.0,11500,1500,11200
579,02/12/2019,11000.0,11000.0,11000.0,11000,300,10700
580,03/12/2019,11000.0,11000.0,11000.0,11000,-,10700
581,04/12/2019,11000.0,11000.0,11000.0,11000,-,10700
582,05/12/2019,11000.0,11000.0,11000.0,11500,1500,10700
583,06/12/2019,11500.0,11500.0,11500.0,11500,-,11200
584,09/12/2019,11500.0,11500.0,11500.0,11500,-,11200
585,10/12/2019,11500.0,11500.0,11500.0,11500,-,11200
586,11/12/2019,11500.0,11500.0,11500.0,11500,-,11200
587,12/12/2019,11500.0,11500.0,11500.0,11500,-,11200
588,13/12/2019,9800.0,9800.0,9800.0,9800,4500,9600
589,16/12/2019,9800.0,9800.0,9800.0,9800,-,9600
590,17/12/2019,9800.0,9800.0,9800.0,9800,-,9600
591,18/12/2019,9800.0,9800.0,9800.0,9800,-,9600
592,19/12/2019,9800.0,9800.0,9800.0,9800,-,9600
593,20/12/2019,9800.0,9800.0,9800.0,9800,-,9600
594,23/12/2019,9800.0,9800.0,9800.0,9800,-,9600
595,24/12/2019,9800.0,9800.0,9800.0,9800,-,9600
596,25/12/2019,9800.0,9800.0,9800.0,9800,-,9600
597,26/12/2019,9800.0,9800.0,9800.0,9800,-,9600
598,27/12/2019,9800.0,9800.0,9800.0,9800,-,9600
599,30/12/2019,9800.0,9800.0,9800.0,9800,-,9600
600,31/12/2019,9800.0,9800.0,9800.0,9800,-,9600
601,02/01/2020,9800.0,9800.0,9800.0,9800,-,9600
602,03/01/2020,9800.0,9800.0,9800.0,9800,-,9600
603,06/01/2020,9800.0,9800.0,9800.0,9800,-,9600
604,07/01/2020,9800.0,9800.0,9800.0,9800,-,9600
605,08/01/2020,9800.0,9800.0,9800.0,9800,-,9600
606,09/01/2020,10000.0,10000.0,10000.0,10000,5000,9800
607,10/01/2020,10000.0,10000.0,10000.0,10000,-,9800
608,13/01/2020,10000.0,10000.0,10000.0,10000,3800,9800
609,14/01/2020,10000.0,10000.0,10000.0,10000,-,9800
610,15/01/2020,10000.0,10000.0,10000.0,10000,-,9800
611,16/01/2020,10000.0,10000.0,10000.0,10000,-,9800
612,17/01/2020,10000.0,10000.0,10000.0,10000,-,9800
613,20/01/2020,10000.0,10000.0,10000.0,10000,-,9800
614,21/01/2020,10000.0,10000.0,10000.0,10000,-,9800
615,22/01/2020,10000.0,10000.0,10000.0,10000,-,9800
616,30/01/2020,10000.0,10000.0,10000.0,10000,-,9800
617,31/01/2020,10000.0,10000.0,10000.0,10000,-,9800
618,03/02/2020,8500.0,8500.0,8500.0,8500,200,8300
619,04/02/2020,8500.0,8500.0,8500.0,8500,-,8300
620,05/02/2020,8500.0,8500.0,8500.0,8500,-,8300
621,06/02/2020,8500.0,8500.0,8500.0,8500,-,8300
622,07/02/2020,8500.0,8500.0,8500.0,8500,-,8300
623,10/02/2020,8500.0,8500.0,8500.0,8500,-,8300
624,11/02/2020,8500.0,8500.0,8500.0,8500,-,8300
625,12/02/2020,8500.0,8500.0,8500.0,8500,-,8300
626,13/02/2020,8500.0,8500.0,8500.0,8500,-,8300
627,14/02/2020,8500.0,8500.0,8500.0,8500,-,8300
628,17/02/2020,8500.0,8500.0,8500.0,8500,-,8300
629,18/02/2020,8500.0,8500.0,8500.0,8500,-,8300
630,19/02/2020,8500.0,8500.0,8500.0,8500,-,8300
631,20/02/2020,8500.0,8500.0,8500.0,8500,-,8300
632,21/02/2020,8500.0,8500.0,8500.0,8500,-,8300
633,24/02/2020,8500.0,8500.0,8500.0,8500,-,8300
634,25/02/2020,8500.0,8500.0,8500.0,8500,-,8300
635,26/02/2020,8500.0,8500.0,8500.0,8500,-,8300
636,27/02/2020,8500.0,8500.0,8500.0,8500,-,8300
637,28/02/2020,8500.0,8500.0,8500.0,8500,-,8300
638,02/03/2020,8500.0,8500.0,8500.0,8500,-,8300
639,03/03/2020,8500.0,8500.0,8500.0,8500,-,8300
640,04/03/2020,8500.0,8500.0,8500.0,8500,-,8300
641,05/03/2020,8500.0,8500.0,8500.0,8500,-,8300
642,06/03/2020,8500.0,8500.0,8500.0,8500,-,8300
643,09/03/2020,8500.0,8500.0,8500.0,8500,-,8300
644,10/03/2020,8500.0,8500.0,8500.0,8500,-,8300
645,11/03/2020,8500.0,8500.0,8500.0,8500,-,8300
646,12/03/2020,8500.0,8500.0,8500.0,8500,-,8300
647,13/03/2020,8500.0,8500.0,8500.0,8500,-,8300
648,16/03/2020,8500.0,8500.0,8500.0,8500,-,8300
649,17/03/2020,8500.0,8500.0,8500.0,8500,-,8300
650,18/03/2020,8500.0,8500.0,8500.0,8500,-,8300
651,19/03/2020,8500.0,8500.0,8500.0,8500,-,8300
652,20/03/2020,8500.0,8500.0,8500.0,8500,-,8300
653,23/03/2020,8500.0,8500.0,8500.0,8500,-,8300
654,24/03/2020,8500.0,8500.0,8500.0,8500,-,8300
655,25/03/2020,8500.0,8500.0,8500.0,8500,-,8300
656,26/03/2020,8500.0,8500.0,8500.0,8500,-,8300
657,27/03/2020,8500.0,8500.0,8500.0,8500,-,8300
658,30/03/2020,8500.0,8500.0,8500.0,8500,-,8300
659,31/03/2020,8500.0,8500.0,8500.0,8500,-,8300
660,01/04/2020,8500.0,8500.0,8500.0,8500,-,8300
661,03/04/2020,8500.0,8500.0,8500.0,8500,-,8300
662,06/04/2020,8500.0,8500.0,8500.0,8500,-,8300
663,07/04/2020,8500.0,8500.0,8500.0,8500,-,8300
664,08/04/2020,8500.0,8500.0,8500.0,8500,-,8300
665,09/04/2020,8500.0,8500.0,8500.0,8500,-,8300
666,10/04/2020,8500.0,8500.0,8500.0,8500,-,8300
667,13/04/2020,8500.0,8500.0,8500.0,8500,-,8300
668,14/04/2020,8500.0,8500.0,8500.0,8500,-,8300
669,15/04/2020,8500.0,8500.0,8500.0,8500,-,8300
670,16/04/2020,8500.0,8500.0,8500.0,8500,-,8300
671,17/04/2020,8500.0,8500.0,8500.0,8500,-,8300
672,20/04/2020,8500.0,8500.0,8500.0,8500,-,8300
673,21/04/2020,8500.0,8500.0,8500.0,8500,-,8300
674,22/04/2020,8500.0,8500.0,8500.0,8500,-,8300
675,23/04/2020,8500.0,8500.0,8500.0,8500,-,8300
676,24/04/2020,8500.0,8500.0,8500.0,8500,-,8300
677,27/04/2020,8500.0,8500.0,8500.0,8500,-,8300
678,28/04/2020,8500.0,8500.0,8500.0,8500,-,8300
679,29/04/2020,8500.0,8500.0,8500.0,8500,-,8300
680,04/05/2020,8500.0,8500.0,8500.0,8500,-,8300
681,05/05/2020,8500.0,8500.0,8500.0,8500,-,8300
682,06/05/2020,8500.0,8500.0,8500.0,8500,-,8300
683,07/05/2020,8500.0,8500.0,8500.0,8500,-,8300
684,08/05/2020,8500.0,8500.0,8500.0,8500,-,8300
685,11/05/2020,8500.0,8500.0,8500.0,8500,-,8300
686,12/05/2020,8500.0,8500.0,8500.0,8500,-,8300
687,13/05/2020,8500.0,8500.0,8500.0,8500,-,8300
688,14/05/2020,8500.0,8500.0,8500.0,8500,-,8300
689,15/05/2020,8500.0,8500.0,8500.0,8500,-,8300
690,18/05/2020,8500.0,8500.0,8500.0,8500,-,8300
691,19/05/2020,8500.0,8500.0,8500.0,8500,-,8300
692,20/05/2020,8500.0,8500.0,8500.0,8500,-,8300
693,21/05/2020,8500.0,8500.0,8500.0,8500,-,8300
694,22/05/2020,8500.0,8500.0,8500.0,8500,-,8300
695,25/05/2020,8500.0,8500.0,8500.0,8500,-,8300
696,26/05/2020,8500.0,8500.0,8500.0,8500,-,8300
697,27/05/2020,8500.0,8500.0,8500.0,8500,-,8300
698,28/05/2020,8500.0,8500.0,8500.0,8500,-,8300
699,29/05/2020,8500.0,8500.0,8500.0,8500,-,8300
700,01/06/2020,8500.0,8500.0,8500.0,8500,-,8300
701,02/06/2020,8500.0,8500.0,8500.0,8500,-,8300
702,03/06/2020,8500.0,8500.0,8500.0,8500,-,8300
703,04/06/2020,8500.0,8500.0,8500.0,8500,-,8300
704,05/06/2020,8500.0,8500.0,8500.0,8500,-,8300
705,08/06/2020,8500.0,8500.0,8500.0,8500,-,8300
706,09/06/2020,11800.0,11800.0,11800.0,11800,1500,11500
707,10/06/2020,11800.0,11800.0,11800.0,11800,-,11500
708,11/06/2020,10100.0,10100.0,10100.0,10100,400,9900
709,12/06/2020,9000.0,8600.0,9000.0,8600,6200,8400
710,15/06/2020,8600.0,8600.0,8600.0,8600,-,8400
711,16/06/2020,8600.0,8600.0,8600.0,8600,-,8400
712,17/06/2020,8600.0,8600.0,8600.0,8600,-,8400
713,18/06/2020,8600.0,8600.0,8600.0,8600,-,8400
714,19/06/2020,8600.0,8600.0,8600.0,8600,-,8400
715,22/06/2020,8600.0,8600.0,8600.0,8600,-,8400
716,23/06/2020,8600.0,8600.0,8600.0,8600,-,8400
717,24/06/2020,8600.0,8600.0,8600.0,8600,-,8400
718,25/06/2020,8600.0,8600.0,8600.0,8600,-,8400
719,26/06/2020,8600.0,8600.0,8600.0,8600,-,8400
720,29/06/2020,8600.0,8600.0,8600.0,8600,-,8400
721,30/06/2020,8600.0,8600.0,8600.0,8600,-,8400
722,01/07/2020,8600.0,8600.0,8600.0,8600,14,8400
723,02/07/2020,8600.0,8600.0,8600.0,8600,-,8400
724,03/07/2020,8600.0,8600.0,8600.0,8600,-,8400
725,06/07/2020,8600.0,8600.0,8600.0,8600,-,8400
726,07/07/2020,8600.0,8600.0,8600.0,8600,-,8400
727,08/07/2020,8600.0,8600.0,8600.0,8600,-,8400
728,09/07/2020,8600.0,8600.0,8600.0,8600,-,8400
729,10/07/2020,8600.0,8600.0,8600.0,8600,-,8400
730,13/07/2020,8600.0,8600.0,8600.0,8600,-,8400
731,14/07/2020,8600.0,8600.0,8600.0,8600,-,8400
732,15/07/2020,8600.0,8600.0,8600.0,8600,-,8400
733,16/07/2020,8600.0,8600.0,8600.0,8600,-,8400
734,17/07/2020,8600.0,8600.0,8600.0,8600,-,8400
735,20/07/2020,8600.0,8600.0,8600.0,8600,-,8400
736,21/07/2020,8600.0,8600.0,8600.0,8600,-,8400
737,22/07/2020,8600.0,8600.0,8600.0,8600,-,8400
738,23/07/2020,8600.0,8600.0,8600.0,8600,-,8400
739,24/07/2020,8600.0,8600.0,8600.0,8600,-,8400
740,27/07/2020,8600.0,8600.0,8600.0,8600,-,8400
741,28/07/2020,8600.0,8600.0,8600.0,8600,-,8400
742,29/07/2020,8600.0,8600.0,8600.0,8600,-,8400
743,30/07/2020,8600.0,8600.0,8600.0,8600,-,8400
744,31/07/2020,8600.0,8600.0,8600.0,8600,-,8400
745,03/08/2020,8600.0,8600.0,8600.0,8600,-,8400
746,04/08/2020,8600.0,8600.0,8600.0,8600,-,8400
747,05/08/2020,8600.0,8600.0,8600.0,8600,-,8400
748,06/08/2020,8600.0,8600.0,8600.0,8600,-,8400
749,07/08/2020,8600.0,8600.0,8600.0,8600,-,8400
750,10/08/2020,8600.0,8600.0,8600.0,8600,-,8400
751,11/08/2020,8600.0,8600.0,8600.0,8600,-,8400
752,12/08/2020,8600.0,8600.0,8600.0,8600,-,8400
753,13/08/2020,8600.0,8600.0,8600.0,8600,-,8400
754,14/08/2020,8600.0,8600.0,8600.0,8600,-,8400
755,17/08/2020,8600.0,8600.0,8600.0,8600,-,8400
756,18/08/2020,8600.0,8600.0,8600.0,8600,-,8400
757,19/08/2020,8600.0,8600.0,8600.0,8600,-,8400
758,20/08/2020,8600.0,8600.0,8600.0,8600,-,8400
759,21/08/2020,8600.0,8600.0,8600.0,8600,-,8400
760,24/08/2020,8600.0,8600.0,8600.0,8600,-,8400
761,25/08/2020,8600.0,8600.0,8600.0,8600,-,8400
762,26/08/2020,8600.0,8600.0,8600.0,8600,-,8400
763,27/08/2020,8600.0,8600.0,8600.0,8600,-,8400
764,28/08/2020,8600.0,8600.0,8600.0,8600,-,8400
765,31/08/2020,8600.0,8600.0,8600.0,8600,-,8400
766,01/09/2020,8600.0,8600.0,8600.0,8600,-,8400
767,03/09/2020,8600.0,8600.0,8600.0,8600,-,8400
768,04/09/2020,8600.0,8600.0,8600.0,8600,-,8400
769,07/09/2020,8600.0,8600.0,8600.0,8600,-,8400
770,08/09/2020,8600.0,8600.0,8600.0,8600,-,8400
771,09/09/2020,8600.0,8600.0,8600.0,8600,-,8400
772,10/09/2020,8600.0,8600.0,8600.0,8600,-,8400
773,11/09/2020,8600.0,8600.0,8600.0,8600,-,8400
774,14/09/2020,8600.0,8600.0,8600.0,8600,-,8400
775,15/09/2020,8600.0,8600.0,8600.0,8600,-,8400
776,16/09/2020,8600.0,8600.0,8600.0,8600,-,8400
777,17/09/2020,8600.0,8600.0,8600.0,8600,-,8400
778,18/09/2020,8600.0,8600.0,8600.0,8600,-,8400
779,21/09/2020,8600.0,8600.0,8600.0,8600,-,8400
780,22/09/2020,8600.0,8600.0,8600.0,8600,-,8400
781,23/09/2020,8600.0,8600.0,8600.0,8600,-,8400
782,24/09/2020,8600.0,8600.0,8600.0,8600,-,8400
783,25/09/2020,8400.0,8400.0,8400.0,8400,-,8400
784,28/09/2020,8400.0,8400.0,8400.0,8400,-,8400
785,29/09/2020,8400.0,8400.0,8400.0,8400,-,8400
786,30/09/2020,8400.0,8400.0,8400.0,8400,-,8400
787,01/10/2020,8400.0,8400.0,8400.0,8400,-,8400
788,02/10/2020,8400.0,8400.0,8400.0,8400,-,8400
789,05/10/2020,8400.0,8400.0,8400.0,8400,-,8400
790,06/10/2020,8400.0,8400.0,8400.0,8400,-,8400
791,07/10/2020,8400.0,8400.0,8400.0,8400,-,8400
792,08/10/2020,8400.0,8400.0,8400.0,8400,-,8400
793,09/10/2020,8400.0,8400.0,8400.0,8400,-,8400
794,12/10/2020,8400.0,8400.0,8400.0,8400,-,8400
795,13/10/2020,8400.0,8400.0,8400.0,8400,-,8400
796,14/10/2020,8400.0,8400.0,8400.0,8400,-,8400
797,15/10/2020,8400.0,8400.0,8400.0,8400,-,8400
798,16/10/2020,8400.0,8400.0,8400.0,8400,-,8400
799,19/10/2020,8400.0,8400.0,8400.0,8400,-,8400
800,20/10/2020,8400.0,8400.0,8400.0,8400,-,8400
801,21/10/2020,8400.0,8400.0,8400.0,8400,-,8400
802,22/10/2020,8400.0,8400.0,8400.0,8400,-,8400
803,23/10/2020,8400.0,8400.0,8400.0,8400,-,8400
804,26/10/2020,8400.0,8400.0,8400.0,8400,-,8400
805,27/10/2020,8400.0,8400.0,8400.0,8400,-,8400
806,28/10/2020,8400.0,8400.0,8400.0,8400,-,8400
807,29/10/2020,8400.0,8400.0,8400.0,8400,-,8400
808,30/10/2020,8400.0,8400.0,8400.0,8400,-,8400
809,02/11/2020,8400.0,8400.0,8400.0,8400,-,8400
810,03/11/2020,8400.0,8400.0,8400.0,8400,-,8400
811,04/11/2020,8400.0,8400.0,8400.0,8400,-,8400
812,05/11/2020,8400.0,8400.0,8400.0,8400,-,8400
813,06/11/2020,8400.0,8400.0,8400.0,8400,-,8400
814,09/11/2020,8400.0,8400.0,8400.0,8400,-,8400
815,10/11/2020,5200.0,5200.0,5200.0,5200,7500,5200
816,11/11/2020,5200.0,5200.0,5200.0,5200,-,5200
817,12/11/2020,5200.0,5200.0,5200.0,5200,-,5200
818,13/11/2020,5200.0,5200.0,5200.0,5200,-,5200
819,16/11/2020,5200.0,5200.0,5200.0,5200,-,5200
820,17/11/2020,5200.0,5200.0,5200.0,5200,-,5200
821,18/11/2020,5900.0,5200.0,5900.0,5200,41400,5200
822,19/11/2020,5200.0,5200.0,5200.0,5200,-,5200
823,20/11/2020,5900.0,5900.0,5900.0,5900,5400,5900
824,23/11/2020,6700.0,6700.0,6700.0,6700,1200,6700
825,24/11/2020,7700.0,7700.0,7700.0,7700,4200,7700
826,25/11/2020,8800.0,8800.0,8800.0,8800,6200,8800
827,26/11/2020,10100.0,8800.0,10100.0,8800,5000,8800
828,27/11/2020,9500.0,9500.0,9500.0,9500,-,9500
829,30/11/2020,9500.0,9500.0,9500.0,9500,1,9500
830,01/12/2020,10800.0,10100.0,10400.0,10800,4300,10800
831,02/12/2020,10400.0,10400.0,10400.0,10400,-,10400
832,03/12/2020,10400.0,10400.0,10400.0,10400,-,10400
833,04/12/2020,10400.0,10400.0,10400.0,10400,-,10400
834,07/12/2020,10400.0,10000.0,10400.0,10400,5500,10400
835,08/12/2020,10400.0,10300.0,10400.0,10300,12100,10300
836,09/12/2020,10600.0,10400.0,10400.0,10600,700,10600
837,10/12/2020,10400.0,10400.0,10400.0,10400,-,10400
838,11/12/2020,11500.0,11000.0,11000.0,11500,12500,11500
839,14/12/2020,11500.0,10000.0,10000.0,11500,2700,11500
840,15/12/2020,10300.0,10300.0,10300.0,10300,-,10300
841,16/12/2020,10300.0,10300.0,10300.0,10300,4500,10300
842,17/12/2020,10300.0,10300.0,10300.0,10300,-,10300
843,18/12/2020,9000.0,8800.0,9000.0,8800,3114,8800
844,21/12/2020,8900.0,8900.0,8900.0,8900,5900,8900
845,22/12/2020,8900.0,8900.0,8900.0,8900,-,8900
846,23/12/2020,8900.0,8900.0,8900.0,8900,-,8900
847,24/12/2020,9600.0,9600.0,9600.0,9600,1000,9600
848,25/12/2020,9600.0,9600.0,9600.0,9600,-,9600
849,28/12/2020,11000.0,11000.0,11000.0,11000,100,11000
850,29/12/2020,11100.0,11100.0,11100.0,11100,1500,11100
851,30/12/2020,11100.0,11100.0,11100.0,11100,-,11100
852,31/12/2020,11100.0,11100.0,11100.0,11100,-,11100
853,04/01/2021,11100.0,11100.0,11100.0,11100,-,11100
854,05/01/2021,11100.0,11100.0,11100.0,11100,-,11100
855,06/01/2021,9500.0,9500.0,9500.0,9500,100,9500
856,07/01/2021,10900.0,10900.0,10900.0,10900,500,10900
857,08/01/2021,10900.0,10900.0,10900.0,10900,-,10900
858,11/01/2021,10900.0,10900.0,10900.0,10900,-,10900
859,12/01/2021,10900.0,10900.0,10900.0,10900,-,10900
860,13/01/2021,11800.0,11000.0,11000.0,11800,2500,11800
861,14/01/2021,11400.0,11400.0,11400.0,11400,-,11400
862,15/01/2021,11500.0,11500.0,11500.0,11500,1000,11500
863,18/01/2021,11600.0,10000.0,11500.0,10000,5700,10000
864,19/01/2021,12000.0,11400.0,11500.0,11400,14000,11400
865,20/01/2021,11600.0,11600.0,11600.0,11600,-,11600
866,21/01/2021,11600.0,11600.0,11600.0,11600,-,11600
867,22/01/2021,11800.0,11600.0,11600.0,11600,6800,11600
868,25/01/2021,11100.0,11100.0,11100.0,11100,300,11100
869,26/01/2021,11500.0,11500.0,11500.0,11500,100,11500
870,27/01/2021,11700.0,11500.0,11700.0,11500,2200,11500
871,28/01/2021,10400.0,10400.0,10400.0,10400,10000,10400
872,29/01/2021,10500.0,10500.0,10500.0,10500,10000,10500
873,01/02/2021,10500.0,10500.0,10500.0,10500,-,10500
874,02/02/2021,10800.0,10500.0,10800.0,10500,8200,10500
875,03/02/2021,10800.0,10800.0,10800.0,10800,-,10800
876,04/02/2021,10800.0,10800.0,10800.0,10800,-,10800
877,05/02/2021,10800.0,10800.0,10800.0,10800,-,10800
878,08/02/2021,10800.0,10800.0,10800.0,10800,-,10800
879,09/02/2021,10800.0,10800.0,10800.0,10800,-,10800
880,17/02/2021,10800.0,10800.0,10800.0,10800,-,10800
881,18/02/2021,10800.0,10800.0,10800.0,10800,-,10800
882,19/02/2021,11000.0,11000.0,11000.0,11000,300,11000
883,22/02/2021,11000.0,11000.0,11000.0,11000,-,11000
884,23/02/2021,11000.0,11000.0,11000.0,11000,-,11000
885,24/02/2021,11200.0,11000.0,11200.0,11000,2900,11000
886,25/02/2021,11600.0,11200.0,11200.0,11600,3500,11600
887,26/02/2021,11500.0,11500.0,11500.0,11500,500,11500
888,01/03/2021,9800.0,9800.0,9800.0,9800,100,9800
889,02/03/2021,9800.0,9800.0,9800.0,9800,-,9800
890,03/03/2021,9800.0,9800.0,9800.0,9800,-,9800
891,04/03/2021,9800.0,9800.0,9800.0,9800,-,9800
892,05/03/2021,9800.0,9800.0,9800.0,9800,-,9800
893,08/03/2021,9800.0,9800.0,9800.0,9800,-,9800
894,09/03/2021,9800.0,9800.0,9800.0,9800,-,9800
895,10/03/2021,10000.0,10000.0,10000.0,10000,1500,10000
896,11/03/2021,10000.0,10000.0,10000.0,10000,-,10000
897,12/03/2021,10000.0,10000.0,10000.0,10000,-,10000
898,15/03/2021,10000.0,10000.0,10000.0,10000,-,10000
899,16/03/2021,10000.0,10000.0,10000.0,10000,200,10000
900,17/03/2021,11000.0,10900.0,10900.0,11000,11700,11000
901,18/03/2021,11000.0,11000.0,11000.0,11000,575,11000
902,19/03/2021,9400.0,9400.0,9400.0,9400,100,9400
903,22/03/2021,10000.0,10000.0,10000.0,10000,400,10000
904,23/03/2021,10000.0,10000.0,10000.0,10000,-,10000
905,24/03/2021,9000.0,9000.0,9000.0,9000,200,9000
906,25/03/2021,10000.0,10000.0,10000.0,10000,100,10000
907,26/03/2021,10000.0,10000.0,10000.0,10000,-,10000
908,29/03/2021,10000.0,10000.0,10000.0,10000,300,10000
909,30/03/2021,10000.0,10000.0,10000.0,10000,-,10000
910,31/03/2021,10000.0,10000.0,10000.0,10000,-,10000
911,01/04/2021,10000.0,10000.0,10000.0,10000,-,10000
912,02/04/2021,10500.0,10500.0,10500.0,10500,3500,10500
913,05/04/2021,10500.0,10500.0,10500.0,10500,-,10500
914,06/04/2021,10500.0,10500.0,10500.0,10500,7700,10500
915,07/04/2021,10500.0,10500.0,10500.0,10500,2000,10500
916,08/04/2021,9100.0,9100.0,9100.0,9100,100,9100
917,09/04/2021,9100.0,9100.0,9100.0,9100,-,9100
918,12/04/2021,10300.0,10300.0,10300.0,10300,500,10300
919,13/04/2021,10300.0,10300.0,10300.0,10300,-,10300
920,14/04/2021,10300.0,10300.0,10300.0,10300,-,10300
921,15/04/2021,10300.0,10300.0,10300.0,10300,-,10300
922,16/04/2021,10500.0,10500.0,10500.0,10500,1075,10500
923,19/04/2021,10500.0,10500.0,10500.0,10500,-,10500
924,20/04/2021,10500.0,10500.0,10500.0,10500,-,10500
925,22/04/2021,10500.0,10500.0,10500.0,10500,-,10500
926,23/04/2021,10500.0,10500.0,10500.0,10500,-,10500
927,26/04/2021,10500.0,10500.0,10500.0,10500,-,10500
928,27/04/2021,10500.0,10500.0,10500.0,10500,-,10500
929,28/04/2021,10500.0,10500.0,10500.0,10500,-,10500
930,29/04/2021,10500.0,10500.0,10500.0,10500,-,10500
931,04/05/2021,10500.0,10500.0,10500.0,10500,-,10500
932,05/05/2021,10500.0,10500.0,10500.0,10500,-,10500
933,06/05/2021,10500.0,10500.0,10500.0,10500,-,10500
934,07/05/2021,10500.0,10500.0,10500.0,10500,-,10500
935,10/05/2021,10500.0,10500.0,10500.0,10500,-,10500
936,11/05/2021,10500.0,10500.0,10500.0,10500,-,10500
937,12/05/2021,10500.0,10500.0,10500.0,10500,-,10500
938,13/05/2021,10500.0,10500.0,10500.0,10500,-,10500
939,14/05/2021,10500.0,10500.0,10500.0,10500,-,10500
940,17/05/2021,10500.0,10500.0,10500.0,10500,-,10500
941,18/05/2021,10500.0,10500.0,10500.0,10500,-,10500
942,19/05/2021,10500.0,10500.0,10500.0,10500,-,10500
943,20/05/2021,10500.0,10500.0,10500.0,10500,-,10500
944,21/05/2021,10500.0,10500.0,10500.0,10500,-,10500
945,24/05/2021,10500.0,10500.0,10500.0,10500,-,10500
946,25/05/2021,10500.0,10500.0,10500.0,10500,-,10500
947,26/05/2021,10500.0,10500.0,10500.0,10500,-,10500
948,27/05/2021,10500.0,10500.0,10500.0,10500,-,10500
949,28/05/2021,6300.0,6300.0,6300.0,6300,100,6300
950,31/05/2021,7200.0,7200.0,7200.0,7200,100,7200
951,01/06/2021,7200.0,7200.0,7200.0,7200,-,7200
952,02/06/2021,8200.0,8200.0,8200.0,8200,100,8200
953,03/06/2021,8200.0,8200.0,8200.0,8200,-,8200
954,04/06/2021,8200.0,8200.0,8200.0,8200,-,8200
955,07/06/2021,8200.0,8200.0,8200.0,8200,-,8200
956,08/06/2021,8200.0,8200.0,8200.0,8200,-,8200
957,09/06/2021,8200.0,8200.0,8200.0,8200,-,8200
958,10/06/2021,8200.0,8200.0,8200.0,8200,-,8200
959,11/06/2021,8200.0,8200.0,8200.0,8200,-,8200
960,14/06/2021,8200.0,8200.0,8200.0,8200,-,8200
961,15/06/2021,8200.0,8200.0,8200.0,8200,-,8200
962,16/06/2021,8200.0,8200.0,8200.0,8200,-,8200
963,17/06/2021,8200.0,8200.0,8200.0,8200,-,8200
964,18/06/2021,8200.0,8200.0,8200.0,8200,-,8200
965,21/06/2021,8200.0,8200.0,8200.0,8200,-,8200
966,22/06/2021,8200.0,8200.0,8200.0,8200,-,8200
967,23/06/2021,8200.0,8200.0,8200.0,8200,-,8200
968,24/06/2021,8200.0,8200.0,8200.0,8200,-,8200
969,25/06/2021,8200.0,8200.0,8200.0,8200,-,8200
970,28/06/2021,8200.0,8200.0,8200.0,8200,-,8200
971,29/06/2021,8200.0,8200.0,8200.0,8200,-,8200
972,30/06/2021,8200.0,8200.0,8200.0,8200,-,8200
973,01/07/2021,8200.0,8200.0,8200.0,8200,-,8200
974,02/07/2021,8200.0,8200.0,8200.0,8200,-,8200
975,05/07/2021,8200.0,8200.0,8200.0,8200,-,8200
976,06/07/2021,8200.0,8200.0,8200.0,8200,-,8200
977,07/07/2021,8200.0,8200.0,8200.0,8200,-,8200
978,08/07/2021,8200.0,8200.0,8200.0,8200,-,8200
979,09/07/2021,8200.0,8200.0,8200.0,8200,-,8200
980,12/07/2021,8200.0,8200.0,8200.0,8200,-,8200
981,13/07/2021,8200.0,8200.0,8200.0,8200,-,8200
982,14/07/2021,8200.0,8200.0,8200.0,8200,-,8200
983,15/07/2021,8200.0,8200.0,8200.0,8200,-,8200
984,16/07/2021,11400.0,5300.0,11400.0,5300,5100,5300
985,19/07/2021,11300.0,11300.0,11300.0,11300,-,11300
986,20/07/2021,11300.0,11300.0,11300.0,11300,-,11300
987,21/07/2021,11300.0,11300.0,11300.0,11300,-,11300
988,22/07/2021,11300.0,11300.0,11300.0,11300,-,11300
989,23/07/2021,11300.0,11300.0,11300.0,11300,-,11300
990,26/07/2021,11300.0,11300.0,11300.0,11300,-,11300
991,27/07/2021,11300.0,11300.0,11300.0,11300,-,11300
992,28/07/2021,11300.0,11300.0,11300.0,11300,-,11300
993,29/07/2021,11300.0,11300.0,11300.0,11300,-,11300
994,30/07/2021,11300.0,11300.0,11300.0,11300,-,11300
995,02/08/2021,11300.0,11300.0,11300.0,11300,-,11300
996,03/08/2021,11300.0,11300.0,11300.0,11300,-,11300
997,04/08/2021,9700.0,9700.0,9700.0,9700,2100,9700
998,05/08/2021,9700.0,9700.0,9700.0,9700,3200,9700
999,06/08/2021,10500.0,9800.0,9800.0,10500,5500,10500
1000,09/08/2021,11000.0,8600.0,11000.0,8600,1400,8600
1001,10/08/2021,10800.0,10800.0,10800.0,10800,-,10800
1002,11/08/2021,9200.0,9200.0,9200.0,9200,100,9200
1003,12/08/2021,9200.0,9200.0,9200.0,9200,-,9200
1004,13/08/2021,9200.0,9200.0,9200.0,9200,-,9200
1005,16/08/2021,9200.0,9200.0,9200.0,9200,-,9200
1006,17/08/2021,9200.0,9200.0,9200.0,9200,-,9200
1007,18/08/2021,9200.0,9200.0,9200.0,9200,-,9200
1008,19/08/2021,9200.0,9200.0,9200.0,9200,-,9200
1009,20/08/2021,9200.0,9200.0,9200.0,9200,-,9200
1010,23/08/2021,9200.0,9200.0,9200.0,9200,-,9200
1011,24/08/2021,9200.0,9200.0,9200.0,9200,-,9200
1012,25/08/2021,9200.0,9200.0,9200.0,9200,-,9200
1013,26/08/2021,9200.0,9200.0,9200.0,9200,-,9200
1014,27/08/2021,9200.0,9200.0,9200.0,9200,-,9200
1015,30/08/2021,9200.0,9200.0,9200.0,9200,-,9200
1016,31/08/2021,9200.0,9200.0,9200.0,9200,-,9200
1017,01/09/2021,9200.0,9200.0,9200.0,9200,-,9200
1018,06/09/2021,9200.0,9200.0,9200.0,9200,-,9200
1019,07/09/2021,9200.0,9200.0,9200.0,9200,-,9200
1020,08/09/2021,9200.0,9200.0,9200.0,9200,-,9200
1021,09/09/2021,9200.0,9200.0,9200.0,9200,-,9200
1022,10/09/2021,9200.0,9200.0,9200.0,9200,-,9200
1023,13/09/2021,9200.0,9200.0,9200.0,9200,-,9200
1024,14/09/2021,10500.0,10500.0,10500.0,10500,5600,10500
1025,15/09/2021,10500.0,10500.0,10500.0,10500,-,10500
1026,16/09/2021,9000.0,9000.0,9000.0,9000,105,9000
1027,17/09/2021,9000.0,9000.0,9000.0,9000,-,9000
1028,20/09/2021,9000.0,9000.0,9000.0,9000,-,9000
1029,21/09/2021,9000.0,9000.0,9000.0,9000,-,9000
1030,22/09/2021,10300.0,10300.0,10300.0,10300,200,10300
1031,23/09/2021,10300.0,10300.0,10300.0,10300,-,10300
1032,24/09/2021,10300.0,10300.0,10300.0,10300,-,10300
1033,27/09/2021,10300.0,10300.0,10300.0,10300,-,10300
1034,28/09/2021,10300.0,10300.0,10300.0,10300,-,10300
1035,29/09/2021,11000.0,11000.0,11000.0,11000,3500,11000
1036,30/09/2021,11000.0,11000.0,11000.0,11000,-,11000
1037,01/10/2021,11000.0,11000.0,11000.0,11000,5,11000
1038,04/10/2021,11000.0,11000.0,11000.0,11000,-,11000
1039,05/10/2021,11000.0,11000.0,11000.0,11000,-,11000
1040,06/10/2021,11000.0,11000.0,11000.0,11000,-,11000
1041,07/10/2021,11000.0,11000.0,11000.0,11000,5,11000
1042,08/10/2021,11000.0,11000.0,11000.0,11000,-,11000
1043,11/10/2021,11000.0,11000.0,11000.0,11000,-,11000
1044,12/10/2021,11000.0,11000.0,11000.0,11000,5,11000
1045,13/10/2021,11000.0,11000.0,11000.0,11000,-,11000
1046,14/10/2021,11000.0,11000.0,11000.0,11000,-,11000
1047,15/10/2021,11500.0,9400.0,11500.0,9400,205,9400
1048,18/10/2021,11500.0,11000.0,11000.0,11500,2400,11500
1049,19/10/2021,9600.0,9600.0,9600.0,9600,100,9600
1050,20/10/2021,9600.0,9600.0,9600.0,9600,-,9600
1051,21/10/2021,9600.0,9600.0,9600.0,9600,-,9600
1052,22/10/2021,9600.0,9600.0,9600.0,9600,-,9600
1053,25/10/2021,9600.0,9600.0,9600.0,9600,-,9600
1054,26/10/2021,9600.0,9600.0,9600.0,9600,-,9600
1055,27/10/2021,11000.0,11000.0,11000.0,11000,1100,11000
1056,28/10/2021,11000.0,11000.0,11000.0,11000,6000,11000
1057,29/10/2021,11000.0,11000.0,11000.0,11000,300,11000
1058,01/11/2021,11000.0,11000.0,11000.0,11000,-,11000
1059,02/11/2021,11000.0,11000.0,11000.0,11000,-,11000
1060,03/11/2021,11000.0,11000.0,11000.0,11000,-,11000
1061,04/11/2021,11000.0,11000.0,11000.0,11000,-,11000
1062,05/11/2021,11000.0,11000.0,11000.0,11000,-,11000
1063,08/11/2021,11000.0,11000.0,11000.0,11000,-,11000
1064,09/11/2021,11000.0,11000.0,11000.0,11000,-,11000
1065,10/11/2021,11500.0,11500.0,11500.0,11500,400,11500
1066,11/11/2021,11500.0,11500.0,11500.0,11500,-,11500
1067,12/11/2021,11500.0,11500.0,11500.0,11500,-,11500
1068,15/11/2021,11500.0,11500.0,11500.0,11500,500,11500
1069,16/11/2021,11500.0,11000.0,11000.0,11500,4600,11500
1070,17/11/2021,11400.0,11400.0,11400.0,11400,-,11400
1071,18/11/2021,11400.0,11400.0,11400.0,11400,-,11400
1072,19/11/2021,11400.0,11400.0,11400.0,11400,1410,11400
1073,22/11/2021,11400.0,11400.0,11400.0,11400,500,11400
1074,23/11/2021,11400.0,11400.0,11400.0,11400,-,11400
1075,24/11/2021,12000.0,12000.0,12000.0,12000,4940,12000
1076,25/11/2021,12000.0,12000.0,12000.0,12000,2,12000
1077,26/11/2021,12000.0,12000.0,12000.0,12000,-,12000
1078,29/11/2021,11600.0,11600.0,11600.0,11600,100,11600
1079,30/11/2021,11600.0,11600.0,11600.0,11600,-,11600
1080,01/12/2021,11700.0,11600.0,11700.0,11600,3593,11600
1081,02/12/2021,12000.0,11600.0,11600.0,12000,7807,12000
1082,03/12/2021,12000.0,11900.0,12000.0,12000,12800,12000
1083,06/12/2021,12000.0,12000.0,12000.0,12000,6000,12000
1084,07/12/2021,12500.0,11900.0,11900.0,12500,7800,12500
1085,08/12/2021,11000.0,11000.0,11000.0,11000,100,11000
1086,09/12/2021,12500.0,12500.0,12500.0,12500,3500,12500
1087,10/12/2021,12000.0,10800.0,10800.0,11900,5500,11900
1088,13/12/2021,13000.0,11600.0,11600.0,13000,4588,13000
1089,14/12/2021,11600.0,11600.0,11600.0,11600,100,11600
1090,15/12/2021,13200.0,10000.0,10000.0,13200,7100,13200
1091,16/12/2021,12300.0,11600.0,11600.0,12300,3200,12300
1092,17/12/2021,12200.0,11700.0,12200.0,11700,2000,11700
1093,20/12/2021,12000.0,12000.0,12000.0,12000,2000,12000
1094,21/12/2021,12000.0,12000.0,12000.0,12000,3000,12000
1095,22/12/2021,12000.0,12000.0,12000.0,12000,7300,12000
1096,23/12/2021,10600.0,10600.0,10600.0,10600,300,10600
1097,24/12/2021,12000.0,11500.0,11500.0,12000,19600,12000
1098,27/12/2021,11600.0,11600.0,11600.0,11600,100,11600
1099,28/12/2021,12100.0,12000.0,12000.0,12100,3840,12100
1100,29/12/2021,12400.0,12200.0,12200.0,12400,2248,12400
1101,30/12/2021,14000.0,13000.0,14000.0,13000,800,13000
1102,31/12/2021,15000.0,11800.0,15000.0,11800,300,11800
1103,04/01/2022,14400.0,12100.0,14400.0,13400,6500,13400
1104,05/01/2022,13900.0,12100.0,13900.0,13500,7500,13500
1105,06/01/2022,14400.0,14400.0,14400.0,14400,550,14400
1106,07/01/2022,13500.0,12500.0,12600.0,12500,300,12500
1107,10/01/2022,14800.0,12300.0,14800.0,12300,800,12300
1108,11/01/2022,15000.0,13300.0,13900.0,13300,9400,13300
1109,12/01/2022,15400.0,12600.0,15400.0,13000,10000,13000
1110,13/01/2022,15000.0,11200.0,11200.0,13900,5800,13900
1111,14/01/2022,14300.0,12600.0,14300.0,12700,3800,12700
1112,17/01/2022,12900.0,12900.0,12900.0,12900,-,12900
1113,18/01/2022,13300.0,12700.0,12700.0,13300,7700,13300
1114,19/01/2022,13400.0,12900.0,12900.0,13400,3212,13400
1115,20/01/2022,13000.0,12600.0,12600.0,13000,1600,13000
1116,21/01/2022,13200.0,13200.0,13200.0,13200,100,13200
1117,24/01/2022,-,-,-,13200,-,13200
